aisle_id,product_count
1,146
2,271
3,832
4,543
5,409
6,548
7,100
8,297
9,399
10,218
11,427
12,123
13,317
14,159
15,80
16,86
17,623
18,12
19,375
20,565
21,891
22,816
23,316
24,382
25,525
26,680
27,385
28,232
29,229
30,257
31,675
32,32
33,169
34,229
35,82
36,150
37,1091
38,880
39,54
40,473
41,499
42,189
43,195
44,113
45,1246
46,168
47,1038
48,173
49,99
50,356
51,264
52,296
53,161
54,322
55,198
56,187
57,185
58,81
59,342
60,112
61,874
62,147
63,336
64,294
65,325
66,605
67,327
68,26
69,737
70,338
71,98
72,466
73,277
74,204
75,506
76,108
77,463
78,747
79,335
80,317
81,487
82,44
83,569
84,243
85,206
86,125
87,308
88,493
89,560
90,223
91,293
92,718
93,226
94,894
95,283
96,373
97,290
98,792
99,243
101,355
102,132
103,85
104,797
105,463
106,387
107,989
108,191
109,245
110,402
111,199
112,557
113,47
114,655
115,344
116,361
117,582
118,240
119,112
120,1026
121,454
122,105
123,615
124,195
125,69
126,285
127,504
128,241
129,386
130,303
131,457
132,178
133,172
134,95
